Device ID,Facility,Clinical Area,Manufacturer,Model,Year Placed in Service,Approx. Age (Years),Network Status,Integration Status,Support Status,Lifecycle Status,Maintenance Status,Preliminary Risk Tier,Notes
HP-0003,Heartland Community Clinic Network,Ambulatory Care,Heartland Medical Technologies,HI-200,2015,11,Network-connected,Integrated,Limited,Aging,Current,High,
HP-0094,Heartland Community Clinic Network,Ambulatory Care,Heartland Medical Technologies,HI-200,2016,10,Network-connected,"Capable, not deployed",Current,Aging,Current,Moderate,
HP-0106,Heartland Community Clinic Network,Ambulatory Care,Heartland Medical Technologies,HI-200,2018,8,Network-connected,"Capable, not deployed",Current,Current,Current,Lower,
HP-0123,Heartland Community Clinic Network,Ambulatory Care,Heartland Medical Technologies,HI-200,2017,9,Network-connected,"Connected, not integrated",Current,Current,Current,Lower,
HP-0129,Heartland Community Clinic Network,Ambulatory Care,Heartland Medical Technologies,HI-100,2011,15,Non-connected,Non-integrated,Unsupported,End-of-life,Expired,High,
HP-0156,Heartland Community Clinic Network,Ambulatory Care,Apex Clinical Devices,HI-300,2018,8,Network-connected,Integrated,Current,Aging,Current,Moderate,
HP-0191,Heartland Community Clinic Network,Ambulatory Care,Heartland Medical Technologies,HI-200,2015,11,Network-connected,Integrated,Current,Aging,Current,Moderate,
HP-0314,Heartland Community Clinic Network,Ambulatory Care,Apex Clinical Devices,HI-300,2019,7,Network-connected,Integrated,Current,Aging,Current,Moderate,
HP-0430,Heartland Community Clinic Network,Ambulatory Care,Apex Clinical Devices,HI-400,2025,1,Network-connected,Integrated,Current,Current,Current,Lower,
HP-0431,Heartland Community Clinic Network,Ambulatory Care,Apex Clinical Devices,HI-300,2019,7,Network-connected,Integrated,Current,Aging,Current,Moderate,
HP-0438,Heartland Community Clinic Network,Ambulatory Care,Apex Clinical Devices,HI-300,2019,7,Network-connected,Integrated,Current,Aging,Current,Moderate,
HP-0450,Heartland Community Clinic Network,Ambulatory Care,Apex Clinical Devices,HI-300,2021,5,Network-connected,Integrated,Current,Current,Current,Lower,
HP-0468,Heartland Community Clinic Network,Ambulatory Care,Apex Clinical Devices,HI-400,2025,1,Network-connected,Integrated,Current,Current,Current,Lower,
HP-0001,Heartland Community Clinic Network,Outpatient Infusion,Heartland Medical Technologies,HI-200,2015,11,Network-connected,"Capable, not deployed",Current,Aging,Current,Moderate,
HP-0060,Heartland Community Clinic Network,Outpatient Infusion,Heartland Medical Technologies,HI-100,2013,13,Non-connected,Non-integrated,Limited,End-of-support,Current,High,
HP-0089,Heartland Community Clinic Network,Outpatient Infusion,Apex Clinical Devices,HI-400,2022,4,Network-connected,Integrated,Current,Current,Current,Lower,
HP-0112,Heartland Community Clinic Network,Outpatient Infusion,Heartland Medical Technologies,HI-100,2010,16,Non-connected,"Capable, not deployed",Unsupported,End-of-life,Expired,High,
HP-0193,Heartland Community Clinic Network,Outpatient Infusion,Heartland Medical Technologies,HI-200,2015,11,Network-connected,"Capable, not deployed",Limited,Aging,Current,Moderate,
HP-0202,Heartland Community Clinic Network,Outpatient Infusion,Apex Clinical Devices,HI-300,2021,5,Network-connected,Integrated,Current,Current,Current,Lower,
HP-0217,Heartland Community Clinic Network,Outpatient Infusion,Apex Clinical Devices,HI-300,2020,6,Network-connected,Integrated,Current,Current,Current,Lower,
HP-0253,Heartland Community Clinic Network,Outpatient Infusion,Heartland Medical Technologies,HI-100,2009,17,Non-connected,"Capable, not deployed",Unsupported,End-of-life,Limited,High,
HP-0301,Heartland Community Clinic Network,Outpatient Infusion,Heartland Medical Technologies,HI-100,2009,17,Non-connected,Non-integrated,Unsupported,End-of-life,Limited,High,
HP-0347,Heartland Community Clinic Network,Outpatient Infusion,Heartland Medical Technologies,HI-200,2014,12,Network-connected,"Capable, not deployed",Limited,Aging,Current,Moderate,
HP-0349,Heartland Community Clinic Network,Outpatient Infusion,Heartland Medical Technologies,HI-100,2012,14,"Network-capable, not connected",Non-integrated,Limited,End-of-support,Current,High,
HP-0365,Heartland Community Clinic Network,Outpatient Infusion,Apex Clinical Devices,HI-300,2022,4,Network-connected,Integrated,Current,Current,Current,Lower,
HP-0373,Heartland Community Clinic Network,Outpatient Infusion,Apex Clinical Devices,HI-300,2021,5,Network-connected,Integrated,Current,Current,Current,Lower,
HP-0378,Heartland Community Clinic Network,Outpatient Infusion,Apex Clinical Devices,HI-300,2019,7,Network-connected,Integrated,Current,Aging,Current,Moderate,
HP-0387,Heartland Community Clinic Network,Outpatient Infusion,Apex Clinical Devices,HI-400,2025,1,Network-connected,Integrated,Current,Current,Current,Lower,
HP-0400,Heartland Community Clinic Network,Outpatient Infusion,Heartland Medical Technologies,HI-200,2014,12,"Network-capable, not connected","Capable, not deployed",Current,Aging,Current,Lower,
HP-0469,Heartland Community Clinic Network,Outpatient Infusion,Heartland Medical Technologies,HI-100,2013,13,"Network-capable, not connected","Capable, not deployed",Unsupported,End-of-support,Expired,High,
HP-0093,Heartland Community Hospital,Emergency,Heartland Medical Technologies,HI-200,2017,9,Network-connected,"Connected, not integrated",Current,Current,Current,Lower,
HP-0124,Heartland Community Hospital,Emergency,Heartland Medical Technologies,HI-200,2016,10,"Network-capable, not connected",Integrated,Current,Aging,Current,Moderate,
HP-0154,Heartland Community Hospital,Emergency,Heartland Medical Technologies,HI-200,2017,9,Network-connected,"Capable, not deployed",Limited,Current,Current,Moderate,
HP-0172,Heartland Community Hospital,Emergency,Apex Clinical Devices,HI-300,2018,8,Network-connected,Integrated,Current,Aging,Current,Moderate,
HP-0203,Heartland Community Hospital,Emergency,Apex Clinical Devices,HI-300,2020,6,Network-connected,Integrated,Current,Current,Current,Lower,
HP-0214,Heartland Community Hospital,Emergency,Apex Clinical Devices,HI-400,2023,3,Network-connected,Integrated,Current,Current,Current,Lower,
HP-0243,Heartland Community Hospital,Emergency,Heartland Medical Technologies,HI-100,2009,17,Non-connected,"Capable, not deployed",Unsupported,End-of-life,Limited,High,
HP-0273,Heartland Community Hospital,Emergency,Apex Clinical Devices,HI-400,2024,2,Network-connected,Integrated,Current,Current,Current,Lower,
HP-0274,Heartland Community Hospital,Emergency,Apex Clinical Devices,HI-400,2022,4,Network-connected,Integrated,Current,Current,Current,Lower,
HP-0339,Heartland Community Hospital,Emergency,Apex Clinical Devices,HI-300,2020,6,Network-connected,Integrated,Current,Current,Current,Lower,
HP-0356,Heartland Community Hospital,Emergency,Heartland Medical Technologies,HI-200,2017,9,Network-connected,"Capable, not deployed",Current,Current,Current,Lower,
HP-0372,Heartland Community Hospital,Emergency,Apex Clinical Devices,HI-400,2023,3,Network-connected,Integrated,Current,Current,Current,Lower,
HP-0408,Heartland Community Hospital,Emergency,Apex Clinical Devices,HI-300,2018,8,Network-connected,Integrated,Current,Aging,Current,Moderate,
HP-0412,Heartland Community Hospital,Emergency,Heartland Medical Technologies,HI-200,2016,10,Network-connected,"Connected, not integrated",Limited,Aging,Limited,Moderate,
HP-0415,Heartland Community Hospital,Emergency,Apex Clinical Devices,HI-300,2018,8,Network-connected,Integrated,Current,Aging,Current,Moderate,
HP-0453,Heartland Community Hospital,Emergency,Apex Clinical Devices,HI-300,2022,4,Network-connected,Integrated,Current,Current,Current,Lower,
HP-0012,Heartland Community Hospital,ICU,Apex Clinical Devices,HI-400,2024,2,Network-connected,Integrated,Current,Current,Current,Lower,
HP-0083,Heartland Community Hospital,ICU,Heartland Medical Technologies,HI-200,2017,9,Network-connected,Integrated,Current,Current,Current,Moderate,
HP-0148,Heartland Community Hospital,ICU,Apex Clinical Devices,HI-400,2025,1,Network-connected,Integrated,Current,Current,Current,Lower,
HP-0176,Heartland Community Hospital,ICU,Heartland Medical Technologies,HI-100,2012,14,"Network-capable, not connected",Non-integrated,Unsupported,End-of-support,Expired,High,
HP-0252,Heartland Community Hospital,ICU,Apex Clinical Devices,HI-300,2020,6,Network-connected,Integrated,Current,Current,Current,Lower,
HP-0264,Heartland Community Hospital,ICU,Heartland Medical Technologies,HI-100,2011,15,Non-connected,Non-integrated,Unsupported,End-of-life,Expired,High,
HP-0324,Heartland Community Hospital,ICU,Heartland Medical Technologies,HI-200,2015,11,Network-connected,Integrated,Limited,Aging,Limited,High,
HP-0395,Heartland Community Hospital,ICU,Apex Clinical Devices,HI-400,2022,4,Network-connected,"Capable, not deployed",Current,Current,Current,Lower,
HP-0446,Heartland Community Hospital,ICU,Apex Clinical Devices,HI-300,2018,8,Network-connected,Integrated,Current,Aging,Current,Moderate,
HP-0465,Heartland Community Hospital,ICU,Apex Clinical Devices,HI-300,2022,4,Network-connected,Integrated,Current,Current,Current,Lower,
HP-0472,Heartland Community Hospital,ICU,Apex Clinical Devices,HI-300,2022,4,Network-connected,Integrated,Current,Current,Current,Lower,
HP-0024,Heartland Community Hospital,Medical/Surgical,Heartland Medical Technologies,HI-200,2016,10,Network-connected,"Connected, not integrated",Current,Aging,Current,Moderate,
HP-0040,Heartland Community Hospital,Medical/Surgical,Apex Clinical Devices,HI-400,2023,3,Network-connected,Integrated,Current,Current,Current,Lower,
HP-0081,Heartland Community Hospital,Medical/Surgical,Heartland Medical Technologies,HI-100,2012,14,Non-connected,Non-integrated,Unsupported,End-of-support,Limited,High,
HP-0088,Heartland Community Hospital,Medical/Surgical,Heartland Medical Technologies,HI-200,2015,11,"Network-capable, not connected","Connected, not integrated",Current,Aging,Current,Lower,
HP-0108,Heartland Community Hospital,Medical/Surgical,Apex Clinical Devices,HI-300,2020,6,Network-connected,Integrated,Current,Current,Current,Lower,
HP-0113,Heartland Community Hospital,Medical/Surgical,Apex Clinical Devices,HI-300,2019,7,Network-connected,"Connected, not integrated",Current,Aging,Current,Lower,
HP-0114,Heartland Community Hospital,Medical/Surgical,Apex Clinical Devices,HI-300,2021,5,Network-connected,Integrated,Current,Current,Current,Lower,
HP-0119,Heartland Community Hospital,Medical/Surgical,Heartland Medical Technologies,HI-100,2013,13,"Network-capable, not connected","Capable, not deployed",Unsupported,End-of-support,Expired,High,
HP-0132,Heartland Community Hospital,Medical/Surgical,Apex Clinical Devices,HI-300,2020,6,Network-connected,"Connected, not integrated",Current,Current,Current,Lower,
HP-0133,Heartland Community Hospital,Medical/Surgical,Apex Clinical Devices,HI-300,2022,4,Network-connected,Integrated,Current,Current,Current,Lower,
HP-0135,Heartland Community Hospital,Medical/Surgical,Apex Clinical Devices,HI-300,2019,7,Network-connected,Integrated,Current,Aging,Current,Moderate,
HP-0153,Heartland Community Hospital,Medical/Surgical,Apex Clinical Devices,HI-300,2018,8,Network-connected,Integrated,Current,Aging,Current,Moderate,
HP-0181,Heartland Community Hospital,Medical/Surgical,Heartland Medical Technologies,HI-200,2018,8,"Network-capable, not connected","Capable, not deployed",Limited,Current,Current,Lower,
HP-0182,Heartland Community Hospital,Medical/Surgical,Apex Clinical Devices,HI-400,2023,3,Network-connected,Integrated,Current,Current,Current,Lower,
HP-0190,Heartland Community Hospital,Medical/Surgical,Heartland Medical Technologies,HI-100,2013,13,"Network-capable, not connected","Capable, not deployed",Unsupported,End-of-support,Expired,High,
HP-0196,Heartland Community Hospital,Medical/Surgical,Apex Clinical Devices,HI-300,2022,4,Network-connected,Integrated,Current,Current,Current,Lower,
HP-0221,Heartland Community Hospital,Medical/Surgical,Apex Clinical Devices,HI-300,2021,5,Network-connected,Integrated,Current,Current,Current,Lower,
HP-0240,Heartland Community Hospital,Medical/Surgical,Apex Clinical Devices,HI-300,2020,6,Network-connected,Integrated,Current,Current,Current,Lower,
HP-0270,Heartland Community Hospital,Medical/Surgical,Heartland Medical Technologies,HI-100,2010,16,"Network-capable, not connected","Capable, not deployed",Limited,End-of-life,Limited,High,
HP-0290,Heartland Community Hospital,Medical/Surgical,Heartland Medical Technologies,HI-100,2012,14,Non-connected,Non-integrated,Limited,End-of-support,Limited,High,
HP-0291,Heartland Community Hospital,Medical/Surgical,Heartland Medical Technologies,HI-200,2016,10,"Network-capable, not connected","Connected, not integrated",Current,Aging,Current,Lower,
HP-0302,Heartland Community Hospital,Medical/Surgical,Apex Clinical Devices,HI-300,2018,8,Network-connected,Integrated,Current,Aging,Current,Moderate,
HP-0308,Heartland Community Hospital,Medical/Surgical,Heartland Medical Technologies,HI-100,2010,16,Non-connected,Non-integrated,Unsupported,End-of-life,Expired,High,
HP-0342,Heartland Community Hospital,Medical/Surgical,Apex Clinical Devices,HI-300,2021,5,Network-connected,Integrated,Current,Current,Current,Lower,
HP-0344,Heartland Community Hospital,Medical/Surgical,Heartland Medical Technologies,HI-200,2015,11,Network-connected,Integrated,Current,Aging,Current,Moderate,
HP-0385,Heartland Community Hospital,Medical/Surgical,Apex Clinical Devices,HI-300,2022,4,Network-connected,Integrated,Current,Current,Current,Lower,
HP-0410,Heartland Community Hospital,Medical/Surgical,Heartland Medical Technologies,HI-200,2018,8,Network-connected,"Capable, not deployed",Current,Current,Current,Lower,
HP-0413,Heartland Community Hospital,Medical/Surgical,Heartland Medical Technologies,HI-200,2016,10,Network-connected,"Capable, not deployed",Current,Aging,Current,Moderate,
HP-0421,Heartland Community Hospital,Medical/Surgical,Apex Clinical Devices,HI-300,2019,7,Network-connected,Integrated,Current,Aging,Current,Moderate,
HP-0425,Heartland Community Hospital,Medical/Surgical,Apex Clinical Devices,HI-400,2025,1,Network-connected,Integrated,Current,Current,Current,Lower,
HP-0452,Heartland Community Hospital,Medical/Surgical,Apex Clinical Devices,HI-400,2023,3,Network-connected,Integrated,Current,Current,Current,Lower,
HP-0470,Heartland Community Hospital,Medical/Surgical,Heartland Medical Technologies,HI-100,2010,16,Non-connected,Non-integrated,Limited,End-of-life,Limited,High,
HP-0477,Heartland Community Hospital,Medical/Surgical,Apex Clinical Devices,HI-300,2019,7,Network-connected,Integrated,Current,Aging,Current,Moderate,
HP-0038,Heartland Community Hospital,Oncology,Heartland Medical Technologies,HI-100,2010,16,"Network-capable, not connected",Non-integrated,Limited,End-of-life,Limited,High,
HP-0097,Heartland Community Hospital,Oncology,Heartland Medical Technologies,HI-200,2016,10,"Network-capable, not connected","Capable, not deployed",Current,Aging,Current,Lower,
HP-0143,Heartland Community Hospital,Oncology,Apex Clinical Devices,HI-400,2024,2,Network-connected,Integrated,Current,Current,Current,Lower,
HP-0146,Heartland Community Hospital,Oncology,Apex Clinical Devices,HI-300,2022,4,Network-connected,Integrated,Current,Current,Current,Lower,
HP-0155,Heartland Community Hospital,Oncology,Heartland Medical Technologies,HI-200,2018,8,Network-connected,"Capable, not deployed",Current,Current,Current,Lower,
HP-0188,Heartland Community Hospital,Oncology,Apex Clinical Devices,HI-400,2024,2,Network-connected,Integrated,Current,Current,Current,Lower,
HP-0226,Heartland Community Hospital,Oncology,Apex Clinical Devices,HI-400,2025,1,Network-connected,Integrated,Current,Current,Current,Lower,
HP-0247,Heartland Community Hospital,Oncology,Heartland Medical Technologies,HI-200,2016,10,Network-connected,"Connected, not integrated",Limited,Aging,Current,Moderate,
HP-0259,Heartland Community Hospital,Oncology,Apex Clinical Devices,HI-300,2022,4,Network-connected,Integrated,Current,Current,Current,Lower,
HP-0262,Heartland Community Hospital,Oncology,Heartland Medical Technologies,HI-100,2009,17,Non-connected,"Capable, not deployed",Unsupported,End-of-life,Expired,High,
HP-0275,Heartland Community Hospital,Oncology,Apex Clinical Devices,HI-300,2022,4,Network-connected,"Connected, not integrated",Current,Current,Current,Lower,
HP-0353,Heartland Community Hospital,Oncology,Heartland Medical Technologies,HI-200,2014,12,"Network-capable, not connected",Integrated,Current,Aging,Current,Moderate,
HP-0359,Heartland Community Hospital,Oncology,Apex Clinical Devices,HI-300,2022,4,Network-connected,Integrated,Current,Current,Current,Lower,
HP-0369,Heartland Community Hospital,Oncology,Heartland Medical Technologies,HI-100,2013,13,Non-connected,"Capable, not deployed",Limited,End-of-support,Limited,High,
HP-0383,Heartland Community Hospital,Oncology,Apex Clinical Devices,HI-300,2021,5,Network-connected,Integrated,Current,Current,Current,Lower,
HP-0451,Heartland Community Hospital,Oncology,Heartland Medical Technologies,HI-200,2017,9,"Network-capable, not connected","Capable, not deployed",Current,Current,Current,Lower,
HP-0455,Heartland Community Hospital,Oncology,Heartland Medical Technologies,HI-200,2016,10,Network-connected,"Connected, not integrated",Current,Aging,Current,Moderate,
HP-0457,Heartland Community Hospital,Oncology,Apex Clinical Devices,HI-300,2022,4,Network-connected,"Connected, not integrated",Current,Current,Current,Lower,
HP-0059,Heartland Community Hospital,Operating Room,Apex Clinical Devices,HI-400,2023,3,Network-connected,Integrated,Current,Current,Current,Lower,
HP-0061,Heartland Community Hospital,Operating Room,Apex Clinical Devices,HI-300,2019,7,Network-connected,"Connected, not integrated",Current,Aging,Current,Lower,
HP-0067,Heartland Community Hospital,Operating Room,Heartland Medical Technologies,HI-100,2011,15,"Network-capable, not connected",Non-integrated,Limited,End-of-life,Current,High,
HP-0073,Heartland Community Hospital,Operating Room,Heartland Medical Technologies,HI-100,2011,15,Non-connected,"Capable, not deployed",Limited,End-of-life,Limited,High,
HP-0101,Heartland Community Hospital,Operating Room,Apex Clinical Devices,HI-400,2023,3,Network-connected,Integrated,Current,Current,Current,Lower,
HP-0128,Heartland Community Hospital,Operating Room,Heartland Medical Technologies,HI-100,2010,16,Non-connected,"Capable, not deployed",Unsupported,End-of-life,Expired,High,
HP-0160,Heartland Community Hospital,Operating Room,Apex Clinical Devices,HI-300,2021,5,Network-connected,"Connected, not integrated",Current,Current,Current,Lower,
HP-0199,Heartland Community Hospital,Operating Room,Heartland Medical Technologies,HI-100,2012,14,"Network-capable, not connected","Capable, not deployed",Limited,End-of-support,Current,High,
HP-0201,Heartland Community Hospital,Operating Room,Apex Clinical Devices,HI-300,2020,6,Network-connected,Integrated,Current,Current,Current,Lower,
HP-0212,Heartland Community Hospital,Operating Room,Apex Clinical Devices,HI-400,2024,2,Network-connected,Integrated,Current,Current,Current,Lower,
HP-0237,Heartland Community Hospital,Operating Room,Heartland Medical Technologies,HI-200,2016,10,Network-connected,Integrated,Current,Aging,Current,Moderate,
HP-0239,Heartland Community Hospital,Operating Room,Heartland Medical Technologies,HI-100,2009,17,Non-connected,Non-integrated,Limited,End-of-life,Limited,High,
HP-0269,Heartland Community Hospital,Operating Room,Heartland Medical Technologies,HI-200,2017,9,Network-connected,"Connected, not integrated",Limited,Current,Current,Moderate,
HP-0320,Heartland Community Hospital,Operating Room,Apex Clinical Devices,HI-400,2024,2,Network-connected,Integrated,Current,Current,Current,Lower,
HP-0328,Heartland Community Hospital,Operating Room,Apex Clinical Devices,HI-300,2018,8,Network-connected,Integrated,Current,Aging,Current,Moderate,
HP-0358,Heartland Community Hospital,Operating Room,Heartland Medical Technologies,HI-200,2015,11,Network-connected,"Capable, not deployed",Current,Aging,Current,Moderate,
HP-0371,Heartland Community Hospital,Operating Room,Heartland Medical Technologies,HI-200,2016,10,Network-connected,"Connected, not integrated",Limited,Aging,Limited,Moderate,
HP-0386,Heartland Community Hospital,Operating Room,Apex Clinical Devices,HI-300,2019,7,Network-connected,Integrated,Current,Aging,Current,Moderate,
HP-0389,Heartland Community Hospital,Operating Room,Apex Clinical Devices,HI-300,2019,7,Network-connected,Integrated,Current,Aging,Current,Moderate,
HP-0405,Heartland Community Hospital,Operating Room,Apex Clinical Devices,HI-300,2020,6,Network-connected,"Connected, not integrated",Current,Current,Current,Lower,
HP-0439,Heartland Community Hospital,Operating Room,Apex Clinical Devices,HI-300,2022,4,Network-connected,Integrated,Current,Current,Current,Lower,
HP-0480,Heartland Community Hospital,Operating Room,Apex Clinical Devices,HI-300,2020,6,Network-connected,Integrated,Current,Current,Current,Lower,
HP-0006,Heartland Regional Medical Center,Cardiology,Apex Clinical Devices,HI-300,2018,8,Network-connected,"Connected, not integrated",Current,Aging,Current,Lower,
HP-0010,Heartland Regional Medical Center,Cardiology,Apex Clinical Devices,HI-300,2022,4,Network-connected,Integrated,Current,Current,Current,Lower,
HP-0019,Heartland Regional Medical Center,Cardiology,Apex Clinical Devices,HI-300,2019,7,Network-connected,Integrated,Current,Aging,Current,Moderate,
HP-0055,Heartland Regional Medical Center,Cardiology,Heartland Medical Technologies,HI-200,2018,8,Network-connected,"Connected, not integrated",Current,Current,Current,Lower,
HP-0066,Heartland Regional Medical Center,Cardiology,Heartland Medical Technologies,HI-100,2009,17,Non-connected,Non-integrated,Unsupported,End-of-life,Expired,High,
HP-0103,Heartland Regional Medical Center,Cardiology,Apex Clinical Devices,HI-300,2020,6,Network-connected,Integrated,Current,Current,Current,Lower,
HP-0105,Heartland Regional Medical Center,Cardiology,Apex Clinical Devices,HI-300,2019,7,Network-connected,Integrated,Current,Aging,Current,Moderate,
HP-0109,Heartland Regional Medical Center,Cardiology,Heartland Medical Technologies,HI-200,2018,8,"Network-capable, not connected",Integrated,Current,Current,Current,Lower,
HP-0110,Heartland Regional Medical Center,Cardiology,Heartland Medical Technologies,HI-100,2013,13,Non-connected,"Capable, not deployed",Unsupported,End-of-support,Expired,High,
HP-0141,Heartland Regional Medical Center,Cardiology,Apex Clinical Devices,HI-300,2020,6,Network-connected,Integrated,Current,Current,Current,Lower,
HP-0144,Heartland Regional Medical Center,Cardiology,Apex Clinical Devices,HI-300,2021,5,Network-connected,"Connected, not integrated",Current,Current,Current,Lower,
HP-0194,Heartland Regional Medical Center,Cardiology,Heartland Medical Technologies,HI-200,2016,10,Network-connected,"Connected, not integrated",Current,Aging,Current,Moderate,
HP-0228,Heartland Regional Medical Center,Cardiology,Heartland Medical Technologies,HI-200,2018,8,Network-connected,"Capable, not deployed",Current,Current,Current,Lower,
HP-0248,Heartland Regional Medical Center,Cardiology,Heartland Medical Technologies,HI-100,2010,16,Non-connected,Non-integrated,Limited,End-of-life,Limited,High,
HP-0251,Heartland Regional Medical Center,Cardiology,Apex Clinical Devices,HI-300,2021,5,Network-connected,Integrated,Current,Current,Current,Lower,
HP-0265,Heartland Regional Medical Center,Cardiology,Apex Clinical Devices,HI-400,2024,2,Network-connected,"Capable, not deployed",Current,Current,Current,Lower,
HP-0272,Heartland Regional Medical Center,Cardiology,Heartland Medical Technologies,HI-200,2014,12,Network-connected,Integrated,Current,Aging,Current,Moderate,
HP-0284,Heartland Regional Medical Center,Cardiology,Apex Clinical Devices,HI-300,2020,6,Network-connected,Integrated,Current,Current,Current,Lower,
HP-0292,Heartland Regional Medical Center,Cardiology,Apex Clinical Devices,HI-400,2023,3,Network-connected,Integrated,Current,Current,Current,Lower,
HP-0298,Heartland Regional Medical Center,Cardiology,Apex Clinical Devices,HI-400,2022,4,Network-connected,Integrated,Current,Current,Current,Lower,
HP-0343,Heartland Regional Medical Center,Cardiology,Heartland Medical Technologies,HI-100,2009,17,Non-connected,"Capable, not deployed",Limited,End-of-life,Current,High,
HP-0352,Heartland Regional Medical Center,Cardiology,Apex Clinical Devices,HI-400,2025,1,Network-connected,Integrated,Current,Current,Current,Lower,
HP-0368,Heartland Regional Medical Center,Cardiology,Heartland Medical Technologies,HI-100,2010,16,"Network-capable, not connected","Capable, not deployed",Limited,End-of-life,Current,High,
HP-0404,Heartland Regional Medical Center,Cardiology,Heartland Medical Technologies,HI-200,2014,12,"Network-capable, not connected","Capable, not deployed",Current,Aging,Current,Lower,
HP-0416,Heartland Regional Medical Center,Cardiology,Heartland Medical Technologies,HI-200,2015,11,Network-connected,"Connected, not integrated",Current,Aging,Current,Moderate,
HP-0420,Heartland Regional Medical Center,Cardiology,Heartland Medical Technologies,HI-200,2014,12,Network-connected,"Connected, not integrated",Current,Aging,Current,Moderate,
HP-0422,Heartland Regional Medical Center,Cardiology,Heartland Medical Technologies,HI-200,2014,12,Network-connected,"Connected, not integrated",Current,Aging,Current,Moderate,
HP-0427,Heartland Regional Medical Center,Cardiology,Apex Clinical Devices,HI-300,2019,7,Network-connected,Integrated,Current,Aging,Current,Moderate,
HP-0428,Heartland Regional Medical Center,Cardiology,Apex Clinical Devices,HI-400,2024,2,Network-connected,Integrated,Current,Current,Current,Lower,
HP-0437,Heartland Regional Medical Center,Cardiology,Apex Clinical Devices,HI-300,2020,6,Network-connected,Integrated,Current,Current,Current,Lower,
HP-0475,Heartland Regional Medical Center,Cardiology,Heartland Medical Technologies,HI-200,2015,11,"Network-capable, not connected",Integrated,Limited,Aging,Current,Moderate,
HP-0479,Heartland Regional Medical Center,Cardiology,Heartland Medical Technologies,HI-200,2014,12,Network-connected,"Capable, not deployed",Current,Aging,Current,Moderate,
HP-0025,Heartland Regional Medical Center,Emergency,Heartland Medical Technologies,HI-100,2010,16,Non-connected,Non-integrated,Limited,End-of-life,Current,High,
HP-0029,Heartland Regional Medical Center,Emergency,Heartland Medical Technologies,HI-200,2016,10,"Network-capable, not connected","Capable, not deployed",Current,Aging,Current,Lower,
HP-0058,Heartland Regional Medical Center,Emergency,Heartland Medical Technologies,HI-100,2011,15,"Network-capable, not connected","Capable, not deployed",Unsupported,End-of-life,Expired,High,
HP-0063,Heartland Regional Medical Center,Emergency,Apex Clinical Devices,HI-300,2019,7,Network-connected,Integrated,Current,Aging,Current,Moderate,
HP-0086,Heartland Regional Medical Center,Emergency,Heartland Medical Technologies,HI-100,2011,15,Non-connected,Non-integrated,Unsupported,End-of-life,Limited,High,
HP-0131,Heartland Regional Medical Center,Emergency,Apex Clinical Devices,HI-300,2020,6,Network-connected,Integrated,Current,Current,Current,Lower,
HP-0134,Heartland Regional Medical Center,Emergency,Heartland Medical Technologies,HI-100,2010,16,Non-connected,Non-integrated,Limited,End-of-life,Current,High,
HP-0152,Heartland Regional Medical Center,Emergency,Apex Clinical Devices,HI-300,2018,8,Network-connected,Integrated,Current,Aging,Current,Moderate,
HP-0159,Heartland Regional Medical Center,Emergency,Heartland Medical Technologies,HI-200,2016,10,"Network-capable, not connected","Capable, not deployed",Current,Aging,Current,Lower,
HP-0192,Heartland Regional Medical Center,Emergency,Apex Clinical Devices,HI-300,2018,8,Network-connected,Integrated,Current,Aging,Current,Moderate,
HP-0213,Heartland Regional Medical Center,Emergency,Heartland Medical Technologies,HI-200,2018,8,"Network-capable, not connected",Integrated,Current,Current,Current,Lower,
HP-0224,Heartland Regional Medical Center,Emergency,Apex Clinical Devices,HI-300,2021,5,Network-connected,Integrated,Current,Current,Current,Lower,
HP-0263,Heartland Regional Medical Center,Emergency,Heartland Medical Technologies,HI-200,2016,10,"Network-capable, not connected","Connected, not integrated",Limited,Aging,Limited,Moderate,
HP-0289,Heartland Regional Medical Center,Emergency,Apex Clinical Devices,HI-300,2022,4,Network-connected,Integrated,Current,Current,Current,Lower,
HP-0319,Heartland Regional Medical Center,Emergency,Apex Clinical Devices,HI-300,2022,4,Network-connected,Integrated,Current,Current,Current,Lower,
HP-0334,Heartland Regional Medical Center,Emergency,Apex Clinical Devices,HI-300,2020,6,Network-connected,Integrated,Current,Current,Current,Lower,
HP-0348,Heartland Regional Medical Center,Emergency,Heartland Medical Technologies,HI-200,2018,8,"Network-capable, not connected","Capable, not deployed",Current,Current,Current,Lower,
HP-0429,Heartland Regional Medical Center,Emergency,Apex Clinical Devices,HI-300,2021,5,Network-connected,Integrated,Current,Current,Current,Lower,
HP-0447,Heartland Regional Medical Center,Emergency,Heartland Medical Technologies,HI-100,2011,15,"Network-capable, not connected","Capable, not deployed",Limited,End-of-life,Limited,High,
HP-0459,Heartland Regional Medical Center,Emergency,Heartland Medical Technologies,HI-200,2016,10,"Network-capable, not connected","Connected, not integrated",Current,Aging,Current,Lower,
HP-0002,Heartland Regional Medical Center,ICU,Apex Clinical Devices,HI-400,2023,3,Network-connected,Integrated,Current,Current,Current,Lower,
HP-0005,Heartland Regional Medical Center,ICU,Apex Clinical Devices,HI-400,2024,2,Network-connected,Integrated,Current,Current,Current,Lower,
HP-0017,Heartland Regional Medical Center,ICU,Heartland Medical Technologies,HI-200,2016,10,Network-connected,"Connected, not integrated",Limited,Aging,Current,Moderate,
HP-0021,Heartland Regional Medical Center,ICU,Heartland Medical Technologies,HI-100,2011,15,Non-connected,"Capable, not deployed",Limited,End-of-life,Current,High,
HP-0032,Heartland Regional Medical Center,ICU,Apex Clinical Devices,HI-300,2018,8,Network-connected,Integrated,Current,Aging,Current,Moderate,
HP-0033,Heartland Regional Medical Center,ICU,Heartland Medical Technologies,HI-200,2015,11,Network-connected,"Connected, not integrated",Current,Aging,Current,Moderate,
HP-0034,Heartland Regional Medical Center,ICU,Heartland Medical Technologies,HI-200,2017,9,Network-connected,"Connected, not integrated",Current,Current,Current,Lower,
HP-0041,Heartland Regional Medical Center,ICU,Apex Clinical Devices,HI-300,2018,8,Network-connected,Integrated,Current,Aging,Current,Moderate,
HP-0046,Heartland Regional Medical Center,ICU,Apex Clinical Devices,HI-400,2023,3,Network-connected,"Capable, not deployed",Current,Current,Current,Lower,
HP-0085,Heartland Regional Medical Center,ICU,Heartland Medical Technologies,HI-100,2011,15,Non-connected,"Capable, not deployed",Unsupported,End-of-life,Limited,High,
HP-0090,Heartland Regional Medical Center,ICU,Apex Clinical Devices,HI-300,2018,8,Network-connected,Integrated,Current,Aging,Current,Moderate,
HP-0091,Heartland Regional Medical Center,ICU,Heartland Medical Technologies,HI-100,2009,17,"Network-capable, not connected","Capable, not deployed",Limited,End-of-life,Limited,High,
HP-0117,Heartland Regional Medical Center,ICU,Apex Clinical Devices,HI-400,2024,2,Network-connected,Integrated,Current,Current,Current,Lower,
HP-0161,Heartland Regional Medical Center,ICU,Heartland Medical Technologies,HI-200,2016,10,Network-connected,"Connected, not integrated",Limited,Aging,Current,Moderate,
HP-0165,Heartland Regional Medical Center,ICU,Apex Clinical Devices,HI-300,2018,8,Network-connected,Integrated,Current,Aging,Current,Moderate,
HP-0167,Heartland Regional Medical Center,ICU,Apex Clinical Devices,HI-300,2022,4,Network-connected,"Connected, not integrated",Current,Current,Current,Lower,
HP-0171,Heartland Regional Medical Center,ICU,Heartland Medical Technologies,HI-200,2016,10,Network-connected,Integrated,Current,Aging,Current,Moderate,
HP-0174,Heartland Regional Medical Center,ICU,Apex Clinical Devices,HI-300,2018,8,Network-connected,Integrated,Current,Aging,Current,Moderate,
HP-0177,Heartland Regional Medical Center,ICU,Apex Clinical Devices,HI-300,2018,8,Network-connected,Integrated,Current,Aging,Current,Moderate,
HP-0185,Heartland Regional Medical Center,ICU,Apex Clinical Devices,HI-300,2021,5,Network-connected,"Connected, not integrated",Current,Current,Current,Lower,
HP-0198,Heartland Regional Medical Center,ICU,Heartland Medical Technologies,HI-200,2015,11,Network-connected,"Capable, not deployed",Current,Aging,Current,Moderate,
HP-0204,Heartland Regional Medical Center,ICU,Heartland Medical Technologies,HI-200,2017,9,Network-connected,"Connected, not integrated",Limited,Current,Current,Moderate,
HP-0231,Heartland Regional Medical Center,ICU,Apex Clinical Devices,HI-300,2019,7,Network-connected,Integrated,Current,Aging,Current,Moderate,
HP-0235,Heartland Regional Medical Center,ICU,Apex Clinical Devices,HI-300,2019,7,Network-connected,"Connected, not integrated",Current,Aging,Current,Lower,
HP-0242,Heartland Regional Medical Center,ICU,Heartland Medical Technologies,HI-200,2016,10,"Network-capable, not connected","Connected, not integrated",Current,Aging,Current,Lower,
HP-0246,Heartland Regional Medical Center,ICU,Apex Clinical Devices,HI-400,2025,1,Network-connected,Integrated,Current,Current,Current,Lower,
HP-0296,Heartland Regional Medical Center,ICU,Apex Clinical Devices,HI-300,2021,5,Network-connected,Integrated,Current,Current,Current,Lower,
HP-0304,Heartland Regional Medical Center,ICU,Apex Clinical Devices,HI-300,2019,7,Network-connected,Integrated,Current,Aging,Current,Moderate,
HP-0305,Heartland Regional Medical Center,ICU,Heartland Medical Technologies,HI-200,2015,11,Network-connected,"Connected, not integrated",Limited,Aging,Limited,Moderate,
HP-0388,Heartland Regional Medical Center,ICU,Heartland Medical Technologies,HI-200,2015,11,Network-connected,"Capable, not deployed",Current,Aging,Current,Moderate,
HP-0409,Heartland Regional Medical Center,ICU,Apex Clinical Devices,HI-300,2022,4,Network-connected,Integrated,Current,Current,Current,Lower,
HP-0426,Heartland Regional Medical Center,ICU,Heartland Medical Technologies,HI-100,2011,15,"Network-capable, not connected","Capable, not deployed",Limited,End-of-life,Current,High,
HP-0456,Heartland Regional Medical Center,ICU,Heartland Medical Technologies,HI-200,2018,8,"Network-capable, not connected","Connected, not integrated",Current,Current,Current,Lower,
HP-0460,Heartland Regional Medical Center,ICU,Heartland Medical Technologies,HI-200,2015,11,"Network-capable, not connected","Capable, not deployed",Limited,Aging,Current,Moderate,
HP-0461,Heartland Regional Medical Center,ICU,Apex Clinical Devices,HI-300,2019,7,Network-connected,Integrated,Current,Aging,Current,Moderate,
HP-0464,Heartland Regional Medical Center,ICU,Heartland Medical Technologies,HI-200,2016,10,Network-connected,"Connected, not integrated",Current,Aging,Current,Moderate,
HP-0467,Heartland Regional Medical Center,ICU,Heartland Medical Technologies,HI-200,2015,11,Network-connected,"Capable, not deployed",Current,Aging,Current,Moderate,
HP-0473,Heartland Regional Medical Center,ICU,Apex Clinical Devices,HI-400,2024,2,Network-connected,Integrated,Current,Current,Current,Lower,
HP-0478,Heartland Regional Medical Center,ICU,Heartland Medical Technologies,HI-200,2016,10,Network-connected,Integrated,Current,Aging,Current,Moderate,
HP-0004,Heartland Regional Medical Center,Medical/Surgical,Heartland Medical Technologies,HI-200,2014,12,Network-connected,Integrated,Limited,Aging,Current,High,
HP-0007,Heartland Regional Medical Center,Medical/Surgical,Apex Clinical Devices,HI-300,2019,7,Network-connected,Integrated,Current,Aging,Current,Moderate,
HP-0023,Heartland Regional Medical Center,Medical/Surgical,Heartland Medical Technologies,HI-200,2018,8,Network-connected,Integrated,Current,Current,Current,Lower,
HP-0030,Heartland Regional Medical Center,Medical/Surgical,Heartland Medical Technologies,HI-200,2015,11,Network-connected,"Capable, not deployed",Current,Aging,Current,Moderate,
HP-0037,Heartland Regional Medical Center,Medical/Surgical,Apex Clinical Devices,HI-300,2020,6,Network-connected,"Connected, not integrated",Current,Current,Current,Lower,
HP-0043,Heartland Regional Medical Center,Medical/Surgical,Heartland Medical Technologies,HI-200,2017,9,Network-connected,"Capable, not deployed",Current,Current,Current,Lower,
HP-0054,Heartland Regional Medical Center,Medical/Surgical,Heartland Medical Technologies,HI-200,2017,9,Network-connected,"Capable, not deployed",Limited,Current,Current,Moderate,
HP-0056,Heartland Regional Medical Center,Medical/Surgical,Apex Clinical Devices,HI-300,2021,5,Network-connected,Integrated,Current,Current,Current,Lower,
HP-0057,Heartland Regional Medical Center,Medical/Surgical,Heartland Medical Technologies,HI-200,2015,11,Network-connected,Integrated,Limited,Aging,Limited,High,
HP-0068,Heartland Regional Medical Center,Medical/Surgical,Heartland Medical Technologies,HI-100,2010,16,Non-connected,Non-integrated,Unsupported,End-of-life,Limited,High,
HP-0069,Heartland Regional Medical Center,Medical/Surgical,Apex Clinical Devices,HI-300,2020,6,Network-connected,Integrated,Current,Current,Current,Lower,
HP-0076,Heartland Regional Medical Center,Medical/Surgical,Apex Clinical Devices,HI-300,2022,4,Network-connected,"Connected, not integrated",Current,Current,Current,Lower,
HP-0079,Heartland Regional Medical Center,Medical/Surgical,Apex Clinical Devices,HI-300,2021,5,Network-connected,"Connected, not integrated",Current,Current,Current,Lower,
HP-0080,Heartland Regional Medical Center,Medical/Surgical,Apex Clinical Devices,HI-300,2018,8,Network-connected,Integrated,Current,Aging,Current,Moderate,
HP-0082,Heartland Regional Medical Center,Medical/Surgical,Apex Clinical Devices,HI-300,2021,5,Network-connected,"Connected, not integrated",Current,Current,Current,Lower,
HP-0084,Heartland Regional Medical Center,Medical/Surgical,Apex Clinical Devices,HI-300,2021,5,Network-connected,Integrated,Current,Current,Current,Lower,
HP-0099,Heartland Regional Medical Center,Medical/Surgical,Heartland Medical Technologies,HI-100,2010,16,"Network-capable, not connected",Non-integrated,Unsupported,End-of-life,Expired,High,
HP-0100,Heartland Regional Medical Center,Medical/Surgical,Heartland Medical Technologies,HI-100,2009,17,Non-connected,Non-integrated,Unsupported,End-of-life,Limited,High,
HP-0104,Heartland Regional Medical Center,Medical/Surgical,Heartland Medical Technologies,HI-100,2011,15,"Network-capable, not connected","Capable, not deployed",Limited,End-of-life,Current,High,
HP-0107,Heartland Regional Medical Center,Medical/Surgical,Apex Clinical Devices,HI-300,2020,6,Network-connected,Integrated,Current,Current,Current,Lower,
HP-0116,Heartland Regional Medical Center,Medical/Surgical,Heartland Medical Technologies,HI-200,2018,8,Network-connected,"Capable, not deployed",Current,Current,Current,Lower,
HP-0120,Heartland Regional Medical Center,Medical/Surgical,Apex Clinical Devices,HI-400,2022,4,Network-connected,Integrated,Current,Current,Current,Lower,
HP-0125,Heartland Regional Medical Center,Medical/Surgical,Heartland Medical Technologies,HI-100,2009,17,"Network-capable, not connected",Non-integrated,Unsupported,End-of-life,Expired,High,
HP-0126,Heartland Regional Medical Center,Medical/Surgical,Heartland Medical Technologies,HI-200,2017,9,Network-connected,Integrated,Current,Current,Current,Moderate,
HP-0127,Heartland Regional Medical Center,Medical/Surgical,Heartland Medical Technologies,HI-200,2017,9,"Network-capable, not connected","Capable, not deployed",Current,Current,Current,Lower,
HP-0139,Heartland Regional Medical Center,Medical/Surgical,Apex Clinical Devices,HI-300,2020,6,Network-connected,Integrated,Current,Current,Current,Lower,
HP-0145,Heartland Regional Medical Center,Medical/Surgical,Apex Clinical Devices,HI-400,2022,4,Network-connected,Integrated,Current,Current,Current,Lower,
HP-0147,Heartland Regional Medical Center,Medical/Surgical,Apex Clinical Devices,HI-300,2020,6,Network-connected,"Connected, not integrated",Current,Current,Current,Lower,
HP-0150,Heartland Regional Medical Center,Medical/Surgical,Heartland Medical Technologies,HI-100,2010,16,Non-connected,Non-integrated,Limited,End-of-life,Limited,High,
HP-0158,Heartland Regional Medical Center,Medical/Surgical,Heartland Medical Technologies,HI-100,2010,16,"Network-capable, not connected",Non-integrated,Limited,End-of-life,Limited,High,
HP-0166,Heartland Regional Medical Center,Medical/Surgical,Apex Clinical Devices,HI-300,2022,4,Network-connected,Integrated,Current,Current,Current,Lower,
HP-0179,Heartland Regional Medical Center,Medical/Surgical,Heartland Medical Technologies,HI-100,2010,16,Non-connected,"Capable, not deployed",Unsupported,End-of-life,Expired,High,
HP-0183,Heartland Regional Medical Center,Medical/Surgical,Heartland Medical Technologies,HI-200,2015,11,"Network-capable, not connected","Connected, not integrated",Current,Aging,Current,Lower,
HP-0186,Heartland Regional Medical Center,Medical/Surgical,Apex Clinical Devices,HI-400,2023,3,Network-connected,Integrated,Current,Current,Current,Lower,
HP-0195,Heartland Regional Medical Center,Medical/Surgical,Heartland Medical Technologies,HI-200,2014,12,Network-connected,Integrated,Current,Aging,Current,Moderate,
HP-0200,Heartland Regional Medical Center,Medical/Surgical,Heartland Medical Technologies,HI-100,2011,15,Non-connected,Non-integrated,Unsupported,End-of-life,Expired,High,
HP-0215,Heartland Regional Medical Center,Medical/Surgical,Heartland Medical Technologies,HI-200,2014,12,Network-connected,Integrated,Current,Aging,Current,Moderate,
HP-0232,Heartland Regional Medical Center,Medical/Surgical,Heartland Medical Technologies,HI-100,2009,17,Non-connected,"Capable, not deployed",Unsupported,End-of-life,Expired,High,
HP-0234,Heartland Regional Medical Center,Medical/Surgical,Heartland Medical Technologies,HI-100,2010,16,Non-connected,"Capable, not deployed",Limited,End-of-life,Current,High,
HP-0236,Heartland Regional Medical Center,Medical/Surgical,Apex Clinical Devices,HI-300,2021,5,Network-connected,"Connected, not integrated",Current,Current,Current,Lower,
HP-0244,Heartland Regional Medical Center,Medical/Surgical,Apex Clinical Devices,HI-300,2019,7,Network-connected,Integrated,Current,Aging,Current,Moderate,
HP-0245,Heartland Regional Medical Center,Medical/Surgical,Apex Clinical Devices,HI-300,2018,8,Network-connected,Integrated,Current,Aging,Current,Moderate,
HP-0261,Heartland Regional Medical Center,Medical/Surgical,Heartland Medical Technologies,HI-200,2017,9,Network-connected,"Capable, not deployed",Limited,Current,Current,Moderate,
HP-0267,Heartland Regional Medical Center,Medical/Surgical,Heartland Medical Technologies,HI-100,2011,15,Non-connected,"Capable, not deployed",Limited,End-of-life,Limited,High,
HP-0278,Heartland Regional Medical Center,Medical/Surgical,Apex Clinical Devices,HI-300,2020,6,Network-connected,Integrated,Current,Current,Current,Lower,
HP-0280,Heartland Regional Medical Center,Medical/Surgical,Apex Clinical Devices,HI-300,2022,4,Network-connected,"Connected, not integrated",Current,Current,Current,Lower,
HP-0281,Heartland Regional Medical Center,Medical/Surgical,Apex Clinical Devices,HI-300,2021,5,Network-connected,"Connected, not integrated",Current,Current,Current,Lower,
HP-0283,Heartland Regional Medical Center,Medical/Surgical,Heartland Medical Technologies,HI-200,2016,10,"Network-capable, not connected",Integrated,Current,Aging,Current,Moderate,
HP-0286,Heartland Regional Medical Center,Medical/Surgical,Heartland Medical Technologies,HI-200,2018,8,Network-connected,"Capable, not deployed",Current,Current,Current,Lower,
HP-0287,Heartland Regional Medical Center,Medical/Surgical,Heartland Medical Technologies,HI-100,2012,14,Non-connected,"Capable, not deployed",Unsupported,End-of-support,Limited,High,
HP-0288,Heartland Regional Medical Center,Medical/Surgical,Apex Clinical Devices,HI-300,2019,7,Network-connected,"Connected, not integrated",Current,Aging,Current,Lower,
HP-0294,Heartland Regional Medical Center,Medical/Surgical,Heartland Medical Technologies,HI-100,2009,17,"Network-capable, not connected","Capable, not deployed",Unsupported,End-of-life,Expired,High,
HP-0295,Heartland Regional Medical Center,Medical/Surgical,Apex Clinical Devices,HI-300,2021,5,Network-connected,Integrated,Current,Current,Current,Lower,
HP-0306,Heartland Regional Medical Center,Medical/Surgical,Heartland Medical Technologies,HI-100,2013,13,"Network-capable, not connected",Non-integrated,Limited,End-of-support,Limited,High,
HP-0309,Heartland Regional Medical Center,Medical/Surgical,Apex Clinical Devices,HI-300,2019,7,Network-connected,Integrated,Current,Aging,Current,Moderate,
HP-0322,Heartland Regional Medical Center,Medical/Surgical,Heartland Medical Technologies,HI-200,2017,9,"Network-capable, not connected","Capable, not deployed",Current,Current,Current,Lower,
HP-0323,Heartland Regional Medical Center,Medical/Surgical,Heartland Medical Technologies,HI-200,2018,8,Network-connected,"Capable, not deployed",Limited,Current,Current,Moderate,
HP-0326,Heartland Regional Medical Center,Medical/Surgical,Heartland Medical Technologies,HI-100,2011,15,Non-connected,"Capable, not deployed",Limited,End-of-life,Current,High,
HP-0327,Heartland Regional Medical Center,Medical/Surgical,Heartland Medical Technologies,HI-200,2017,9,"Network-capable, not connected",Integrated,Current,Current,Current,Lower,
HP-0332,Heartland Regional Medical Center,Medical/Surgical,Apex Clinical Devices,HI-300,2018,8,Network-connected,Integrated,Current,Aging,Current,Moderate,
HP-0361,Heartland Regional Medical Center,Medical/Surgical,Heartland Medical Technologies,HI-200,2014,12,Network-connected,"Capable, not deployed",Current,Aging,Current,Moderate,
HP-0362,Heartland Regional Medical Center,Medical/Surgical,Heartland Medical Technologies,HI-200,2015,11,"Network-capable, not connected","Capable, not deployed",Limited,Aging,Current,Moderate,
HP-0376,Heartland Regional Medical Center,Medical/Surgical,Heartland Medical Technologies,HI-200,2018,8,Network-connected,"Connected, not integrated",Current,Current,Current,Lower,
HP-0380,Heartland Regional Medical Center,Medical/Surgical,Apex Clinical Devices,HI-300,2022,4,Network-connected,Integrated,Current,Current,Current,Lower,
HP-0384,Heartland Regional Medical Center,Medical/Surgical,Heartland Medical Technologies,HI-100,2010,16,Non-connected,Non-integrated,Limited,End-of-life,Limited,High,
HP-0391,Heartland Regional Medical Center,Medical/Surgical,Heartland Medical Technologies,HI-200,2017,9,Network-connected,Integrated,Limited,Current,Limited,Moderate,
HP-0392,Heartland Regional Medical Center,Medical/Surgical,Heartland Medical Technologies,HI-200,2015,11,"Network-capable, not connected",Integrated,Current,Aging,Current,Moderate,
HP-0393,Heartland Regional Medical Center,Medical/Surgical,Heartland Medical Technologies,HI-200,2015,11,Network-connected,"Capable, not deployed",Current,Aging,Current,Moderate,
HP-0396,Heartland Regional Medical Center,Medical/Surgical,Apex Clinical Devices,HI-300,2020,6,Network-connected,"Connected, not integrated",Current,Current,Current,Lower,
HP-0399,Heartland Regional Medical Center,Medical/Surgical,Heartland Medical Technologies,HI-200,2015,11,Network-connected,"Capable, not deployed",Current,Aging,Current,Moderate,
HP-0406,Heartland Regional Medical Center,Medical/Surgical,Apex Clinical Devices,HI-300,2022,4,Network-connected,Integrated,Current,Current,Current,Lower,
HP-0407,Heartland Regional Medical Center,Medical/Surgical,Heartland Medical Technologies,HI-100,2009,17,Non-connected,Non-integrated,Limited,End-of-life,Limited,High,
HP-0411,Heartland Regional Medical Center,Medical/Surgical,Apex Clinical Devices,HI-400,2022,4,Network-connected,Integrated,Current,Current,Current,Lower,
HP-0417,Heartland Regional Medical Center,Medical/Surgical,Apex Clinical Devices,HI-300,2019,7,Network-connected,Integrated,Current,Aging,Current,Moderate,
HP-0435,Heartland Regional Medical Center,Medical/Surgical,Heartland Medical Technologies,HI-200,2015,11,Network-connected,"Connected, not integrated",Current,Aging,Current,Moderate,
HP-0458,Heartland Regional Medical Center,Medical/Surgical,Apex Clinical Devices,HI-300,2019,7,Network-connected,"Connected, not integrated",Current,Aging,Current,Lower,
HP-0463,Heartland Regional Medical Center,Medical/Surgical,Heartland Medical Technologies,HI-100,2012,14,"Network-capable, not connected","Capable, not deployed",Limited,End-of-support,Limited,High,
HP-0466,Heartland Regional Medical Center,Medical/Surgical,Heartland Medical Technologies,HI-200,2017,9,Network-connected,Integrated,Current,Current,Current,Moderate,
HP-0018,Heartland Regional Medical Center,Oncology,Heartland Medical Technologies,HI-100,2009,17,Non-connected,Non-integrated,Limited,End-of-life,Limited,High,
HP-0020,Heartland Regional Medical Center,Oncology,Apex Clinical Devices,HI-300,2021,5,Network-connected,Integrated,Current,Current,Current,Lower,
HP-0035,Heartland Regional Medical Center,Oncology,Heartland Medical Technologies,HI-100,2013,13,"Network-capable, not connected","Capable, not deployed",Unsupported,End-of-support,Expired,High,
HP-0042,Heartland Regional Medical Center,Oncology,Heartland Medical Technologies,HI-200,2017,9,Network-connected,Integrated,Current,Current,Current,Moderate,
HP-0045,Heartland Regional Medical Center,Oncology,Heartland Medical Technologies,HI-200,2015,11,"Network-capable, not connected","Capable, not deployed",Current,Aging,Current,Lower,
HP-0064,Heartland Regional Medical Center,Oncology,Apex Clinical Devices,HI-400,2023,3,Network-connected,Integrated,Current,Current,Current,Lower,
HP-0070,Heartland Regional Medical Center,Oncology,Apex Clinical Devices,HI-300,2018,8,Network-connected,Integrated,Current,Aging,Current,Moderate,
HP-0071,Heartland Regional Medical Center,Oncology,Apex Clinical Devices,HI-300,2021,5,Network-connected,"Connected, not integrated",Current,Current,Current,Lower,
HP-0072,Heartland Regional Medical Center,Oncology,Apex Clinical Devices,HI-300,2019,7,Network-connected,Integrated,Current,Aging,Current,Moderate,
HP-0075,Heartland Regional Medical Center,Oncology,Heartland Medical Technologies,HI-100,2009,17,"Network-capable, not connected","Capable, not deployed",Limited,End-of-life,Limited,High,
HP-0078,Heartland Regional Medical Center,Oncology,Apex Clinical Devices,HI-400,2025,1,Network-connected,Integrated,Current,Current,Current,Lower,
HP-0122,Heartland Regional Medical Center,Oncology,Apex Clinical Devices,HI-400,2023,3,Network-connected,Integrated,Current,Current,Current,Lower,
HP-0157,Heartland Regional Medical Center,Oncology,Apex Clinical Devices,HI-300,2019,7,Network-connected,Integrated,Current,Aging,Current,Moderate,
HP-0162,Heartland Regional Medical Center,Oncology,Heartland Medical Technologies,HI-200,2014,12,"Network-capable, not connected","Connected, not integrated",Current,Aging,Current,Lower,
HP-0168,Heartland Regional Medical Center,Oncology,Heartland Medical Technologies,HI-100,2012,14,Non-connected,"Capable, not deployed",Unsupported,End-of-support,Expired,High,
HP-0169,Heartland Regional Medical Center,Oncology,Heartland Medical Technologies,HI-200,2017,9,"Network-capable, not connected","Connected, not integrated",Current,Current,Current,Lower,
HP-0175,Heartland Regional Medical Center,Oncology,Heartland Medical Technologies,HI-200,2016,10,Network-connected,"Capable, not deployed",Current,Aging,Current,Moderate,
HP-0209,Heartland Regional Medical Center,Oncology,Heartland Medical Technologies,HI-200,2018,8,"Network-capable, not connected","Connected, not integrated",Current,Current,Current,Lower,
HP-0210,Heartland Regional Medical Center,Oncology,Apex Clinical Devices,HI-300,2018,8,Network-connected,Integrated,Current,Aging,Current,Moderate,
HP-0229,Heartland Regional Medical Center,Oncology,Apex Clinical Devices,HI-300,2020,6,Network-connected,Integrated,Current,Current,Current,Lower,
HP-0260,Heartland Regional Medical Center,Oncology,Heartland Medical Technologies,HI-200,2017,9,Network-connected,"Connected, not integrated",Current,Current,Current,Lower,
HP-0279,Heartland Regional Medical Center,Oncology,Apex Clinical Devices,HI-300,2022,4,Network-connected,Integrated,Current,Current,Current,Lower,
HP-0293,Heartland Regional Medical Center,Oncology,Heartland Medical Technologies,HI-200,2018,8,Network-connected,"Connected, not integrated",Current,Current,Current,Lower,
HP-0303,Heartland Regional Medical Center,Oncology,Heartland Medical Technologies,HI-100,2009,17,Non-connected,"Capable, not deployed",Unsupported,End-of-life,Expired,High,
HP-0307,Heartland Regional Medical Center,Oncology,Heartland Medical Technologies,HI-100,2009,17,"Network-capable, not connected",Non-integrated,Unsupported,End-of-life,Expired,High,
HP-0311,Heartland Regional Medical Center,Oncology,Apex Clinical Devices,HI-300,2020,6,Network-connected,Integrated,Current,Current,Current,Lower,
HP-0321,Heartland Regional Medical Center,Oncology,Heartland Medical Technologies,HI-200,2016,10,Network-connected,"Capable, not deployed",Limited,Aging,Current,Moderate,
HP-0337,Heartland Regional Medical Center,Oncology,Apex Clinical Devices,HI-400,2024,2,Network-connected,Integrated,Current,Current,Current,Lower,
HP-0338,Heartland Regional Medical Center,Oncology,Heartland Medical Technologies,HI-100,2010,16,"Network-capable, not connected","Capable, not deployed",Unsupported,End-of-life,Expired,High,
HP-0345,Heartland Regional Medical Center,Oncology,Apex Clinical Devices,HI-300,2020,6,Network-connected,Integrated,Current,Current,Current,Lower,
HP-0351,Heartland Regional Medical Center,Oncology,Apex Clinical Devices,HI-300,2022,4,Network-connected,Integrated,Current,Current,Current,Lower,
HP-0354,Heartland Regional Medical Center,Oncology,Apex Clinical Devices,HI-400,2022,4,Network-connected,Integrated,Current,Current,Current,Lower,
HP-0364,Heartland Regional Medical Center,Oncology,Apex Clinical Devices,HI-300,2020,6,Network-connected,"Connected, not integrated",Current,Current,Current,Lower,
HP-0374,Heartland Regional Medical Center,Oncology,Heartland Medical Technologies,HI-200,2018,8,"Network-capable, not connected","Connected, not integrated",Limited,Current,Current,Lower,
HP-0418,Heartland Regional Medical Center,Oncology,Heartland Medical Technologies,HI-200,2017,9,Network-connected,"Connected, not integrated",Current,Current,Current,Lower,
HP-0419,Heartland Regional Medical Center,Oncology,Heartland Medical Technologies,HI-200,2017,9,Network-connected,"Capable, not deployed",Limited,Current,Current,Moderate,
HP-0440,Heartland Regional Medical Center,Oncology,Apex Clinical Devices,HI-300,2021,5,Network-connected,Integrated,Current,Current,Current,Lower,
HP-0474,Heartland Regional Medical Center,Oncology,Apex Clinical Devices,HI-300,2021,5,Network-connected,"Connected, not integrated",Current,Current,Current,Lower,
HP-0476,Heartland Regional Medical Center,Oncology,Apex Clinical Devices,HI-300,2018,8,Network-connected,Integrated,Current,Aging,Current,Moderate,
HP-0014,Heartland Regional Medical Center,Operating Room,Heartland Medical Technologies,HI-100,2013,13,Non-connected,"Capable, not deployed",Limited,End-of-support,Current,High,
HP-0015,Heartland Regional Medical Center,Operating Room,Apex Clinical Devices,HI-400,2023,3,Network-connected,Integrated,Current,Current,Current,Lower,
HP-0026,Heartland Regional Medical Center,Operating Room,Heartland Medical Technologies,HI-200,2016,10,"Network-capable, not connected","Connected, not integrated",Current,Aging,Current,Lower,
HP-0027,Heartland Regional Medical Center,Operating Room,Heartland Medical Technologies,HI-200,2016,10,"Network-capable, not connected","Connected, not integrated",Limited,Aging,Limited,Moderate,
HP-0028,Heartland Regional Medical Center,Operating Room,Heartland Medical Technologies,HI-100,2010,16,Non-connected,"Capable, not deployed",Limited,End-of-life,Limited,High,
HP-0036,Heartland Regional Medical Center,Operating Room,Apex Clinical Devices,HI-300,2022,4,Network-connected,Integrated,Current,Current,Current,Lower,
HP-0062,Heartland Regional Medical Center,Operating Room,Heartland Medical Technologies,HI-200,2016,10,Network-connected,"Connected, not integrated",Current,Aging,Current,Moderate,
HP-0077,Heartland Regional Medical Center,Operating Room,Apex Clinical Devices,HI-400,2025,1,Network-connected,Integrated,Current,Current,Current,Lower,
HP-0096,Heartland Regional Medical Center,Operating Room,Apex Clinical Devices,HI-400,2025,1,Network-connected,Integrated,Current,Current,Current,Lower,
HP-0118,Heartland Regional Medical Center,Operating Room,Heartland Medical Technologies,HI-200,2016,10,Network-connected,"Capable, not deployed",Current,Aging,Current,Moderate,
HP-0130,Heartland Regional Medical Center,Operating Room,Apex Clinical Devices,HI-300,2018,8,Network-connected,Integrated,Current,Aging,Current,Moderate,
HP-0151,Heartland Regional Medical Center,Operating Room,Apex Clinical Devices,HI-300,2022,4,Network-connected,Integrated,Current,Current,Current,Lower,
HP-0178,Heartland Regional Medical Center,Operating Room,Apex Clinical Devices,HI-300,2018,8,Network-connected,Integrated,Current,Aging,Current,Moderate,
HP-0184,Heartland Regional Medical Center,Operating Room,Heartland Medical Technologies,HI-100,2013,13,"Network-capable, not connected","Capable, not deployed",Limited,End-of-support,Current,High,
HP-0189,Heartland Regional Medical Center,Operating Room,Apex Clinical Devices,HI-400,2025,1,Network-connected,Integrated,Current,Current,Current,Lower,
HP-0208,Heartland Regional Medical Center,Operating Room,Apex Clinical Devices,HI-400,2022,4,Network-connected,Integrated,Current,Current,Current,Lower,
HP-0249,Heartland Regional Medical Center,Operating Room,Apex Clinical Devices,HI-400,2022,4,Network-connected,Integrated,Current,Current,Current,Lower,
HP-0299,Heartland Regional Medical Center,Operating Room,Heartland Medical Technologies,HI-200,2017,9,"Network-capable, not connected","Capable, not deployed",Limited,Current,Current,Moderate,
HP-0318,Heartland Regional Medical Center,Operating Room,Heartland Medical Technologies,HI-200,2017,9,"Network-capable, not connected","Connected, not integrated",Current,Current,Current,Lower,
HP-0325,Heartland Regional Medical Center,Operating Room,Apex Clinical Devices,HI-300,2020,6,Network-connected,Integrated,Current,Current,Current,Lower,
HP-0333,Heartland Regional Medical Center,Operating Room,Heartland Medical Technologies,HI-200,2017,9,"Network-capable, not connected","Capable, not deployed",Limited,Current,Current,Moderate,
HP-0346,Heartland Regional Medical Center,Operating Room,Heartland Medical Technologies,HI-200,2015,11,Network-connected,"Capable, not deployed",Limited,Aging,Current,Moderate,
HP-0360,Heartland Regional Medical Center,Operating Room,Apex Clinical Devices,HI-300,2022,4,Network-connected,Integrated,Current,Current,Current,Lower,
HP-0366,Heartland Regional Medical Center,Operating Room,Heartland Medical Technologies,HI-200,2018,8,"Network-capable, not connected","Capable, not deployed",Current,Current,Current,Lower,
HP-0367,Heartland Regional Medical Center,Operating Room,Heartland Medical Technologies,HI-100,2010,16,"Network-capable, not connected","Capable, not deployed",Limited,End-of-life,Current,High,
HP-0381,Heartland Regional Medical Center,Operating Room,Heartland Medical Technologies,HI-200,2015,11,Network-connected,"Connected, not integrated",Current,Aging,Current,Moderate,
HP-0390,Heartland Regional Medical Center,Operating Room,Apex Clinical Devices,HI-300,2018,8,Network-connected,Integrated,Current,Aging,Current,Moderate,
HP-0402,Heartland Regional Medical Center,Operating Room,Apex Clinical Devices,HI-300,2018,8,Network-connected,Integrated,Current,Aging,Current,Moderate,
HP-0414,Heartland Regional Medical Center,Operating Room,Heartland Medical Technologies,HI-100,2013,13,"Network-capable, not connected",Non-integrated,Unsupported,End-of-support,Limited,High,
HP-0424,Heartland Regional Medical Center,Operating Room,Heartland Medical Technologies,HI-200,2016,10,"Network-capable, not connected","Capable, not deployed",Current,Aging,Current,Lower,
HP-0432,Heartland Regional Medical Center,Operating Room,Heartland Medical Technologies,HI-100,2009,17,Non-connected,"Capable, not deployed",Limited,End-of-life,Limited,High,
HP-0434,Heartland Regional Medical Center,Operating Room,Heartland Medical Technologies,HI-200,2017,9,Network-connected,"Connected, not integrated",Current,Current,Current,Lower,
HP-0445,Heartland Regional Medical Center,Operating Room,Apex Clinical Devices,HI-400,2024,2,Network-connected,Integrated,Current,Current,Current,Lower,
HP-0011,Heartland Regional Medical Center,Pediatrics,Heartland Medical Technologies,HI-200,2014,12,Network-connected,Integrated,Limited,Aging,Limited,High,
HP-0031,Heartland Regional Medical Center,Pediatrics,Heartland Medical Technologies,HI-100,2010,16,Non-connected,Non-integrated,Unsupported,End-of-life,Limited,High,
HP-0048,Heartland Regional Medical Center,Pediatrics,Apex Clinical Devices,HI-400,2022,4,Network-connected,Integrated,Current,Current,Current,Lower,
HP-0050,Heartland Regional Medical Center,Pediatrics,Apex Clinical Devices,HI-400,2023,3,Network-connected,Integrated,Current,Current,Current,Lower,
HP-0052,Heartland Regional Medical Center,Pediatrics,Apex Clinical Devices,HI-300,2019,7,Network-connected,"Connected, not integrated",Current,Aging,Current,Lower,
HP-0053,Heartland Regional Medical Center,Pediatrics,Apex Clinical Devices,HI-400,2024,2,Network-connected,Integrated,Current,Current,Current,Lower,
HP-0074,Heartland Regional Medical Center,Pediatrics,Apex Clinical Devices,HI-300,2020,6,Network-connected,Integrated,Current,Current,Current,Lower,
HP-0087,Heartland Regional Medical Center,Pediatrics,Heartland Medical Technologies,HI-100,2013,13,"Network-capable, not connected","Capable, not deployed",Unsupported,End-of-support,Limited,High,
HP-0095,Heartland Regional Medical Center,Pediatrics,Apex Clinical Devices,HI-300,2019,7,Network-connected,Integrated,Current,Aging,Current,Moderate,
HP-0098,Heartland Regional Medical Center,Pediatrics,Apex Clinical Devices,HI-400,2023,3,Network-connected,Integrated,Current,Current,Current,Lower,
HP-0137,Heartland Regional Medical Center,Pediatrics,Apex Clinical Devices,HI-300,2020,6,Network-connected,"Connected, not integrated",Current,Current,Current,Lower,
HP-0164,Heartland Regional Medical Center,Pediatrics,Heartland Medical Technologies,HI-200,2017,9,"Network-capable, not connected","Connected, not integrated",Limited,Current,Limited,Moderate,
HP-0197,Heartland Regional Medical Center,Pediatrics,Heartland Medical Technologies,HI-100,2009,17,"Network-capable, not connected","Capable, not deployed",Unsupported,End-of-life,Limited,High,
HP-0207,Heartland Regional Medical Center,Pediatrics,Apex Clinical Devices,HI-300,2021,5,Network-connected,Integrated,Current,Current,Current,Lower,
HP-0211,Heartland Regional Medical Center,Pediatrics,Apex Clinical Devices,HI-300,2021,5,Network-connected,Integrated,Current,Current,Current,Lower,
HP-0220,Heartland Regional Medical Center,Pediatrics,Heartland Medical Technologies,HI-100,2013,13,"Network-capable, not connected",Non-integrated,Limited,End-of-support,Current,High,
HP-0222,Heartland Regional Medical Center,Pediatrics,Heartland Medical Technologies,HI-200,2016,10,"Network-capable, not connected","Connected, not integrated",Current,Aging,Current,Lower,
HP-0227,Heartland Regional Medical Center,Pediatrics,Heartland Medical Technologies,HI-100,2009,17,Non-connected,Non-integrated,Unsupported,End-of-life,Expired,High,
HP-0233,Heartland Regional Medical Center,Pediatrics,Heartland Medical Technologies,HI-200,2017,9,"Network-capable, not connected","Capable, not deployed",Current,Current,Current,Lower,
HP-0241,Heartland Regional Medical Center,Pediatrics,Heartland Medical Technologies,HI-100,2010,16,Non-connected,Non-integrated,Unsupported,End-of-life,Expired,High,
HP-0250,Heartland Regional Medical Center,Pediatrics,Apex Clinical Devices,HI-300,2021,5,Network-connected,Integrated,Current,Current,Current,Lower,
HP-0266,Heartland Regional Medical Center,Pediatrics,Heartland Medical Technologies,HI-200,2016,10,Network-connected,"Capable, not deployed",Current,Aging,Current,Moderate,
HP-0268,Heartland Regional Medical Center,Pediatrics,Apex Clinical Devices,HI-400,2022,4,Network-connected,Integrated,Current,Current,Current,Lower,
HP-0271,Heartland Regional Medical Center,Pediatrics,Apex Clinical Devices,HI-400,2023,3,Network-connected,Integrated,Current,Current,Current,Lower,
HP-0277,Heartland Regional Medical Center,Pediatrics,Apex Clinical Devices,HI-300,2019,7,Network-connected,Integrated,Current,Aging,Current,Moderate,
HP-0297,Heartland Regional Medical Center,Pediatrics,Apex Clinical Devices,HI-300,2020,6,Network-connected,Integrated,Current,Current,Current,Lower,
HP-0312,Heartland Regional Medical Center,Pediatrics,Heartland Medical Technologies,HI-200,2015,11,Network-connected,"Capable, not deployed",Limited,Aging,Current,Moderate,
HP-0335,Heartland Regional Medical Center,Pediatrics,Apex Clinical Devices,HI-300,2021,5,Network-connected,"Connected, not integrated",Current,Current,Current,Lower,
HP-0336,Heartland Regional Medical Center,Pediatrics,Apex Clinical Devices,HI-300,2022,4,Network-connected,Integrated,Current,Current,Current,Lower,
HP-0341,Heartland Regional Medical Center,Pediatrics,Heartland Medical Technologies,HI-200,2016,10,Network-connected,Integrated,Current,Aging,Current,Moderate,
HP-0355,Heartland Regional Medical Center,Pediatrics,Apex Clinical Devices,HI-300,2022,4,Network-connected,"Connected, not integrated",Current,Current,Current,Lower,
HP-0363,Heartland Regional Medical Center,Pediatrics,Heartland Medical Technologies,HI-100,2013,13,Non-connected,"Capable, not deployed",Limited,End-of-support,Current,High,
HP-0394,Heartland Regional Medical Center,Pediatrics,Apex Clinical Devices,HI-300,2021,5,Network-connected,Integrated,Current,Current,Current,Lower,
HP-0443,Heartland Regional Medical Center,Pediatrics,Apex Clinical Devices,HI-300,2021,5,Network-connected,Integrated,Current,Current,Current,Lower,
HP-0448,Heartland Regional Medical Center,Pediatrics,Heartland Medical Technologies,HI-200,2014,12,"Network-capable, not connected","Capable, not deployed",Limited,Aging,Current,Moderate,
HP-0449,Heartland Regional Medical Center,Pediatrics,Heartland Medical Technologies,HI-200,2015,11,"Network-capable, not connected","Connected, not integrated",Limited,Aging,Current,Moderate,
HP-0454,Heartland Regional Medical Center,Pediatrics,Apex Clinical Devices,HI-300,2022,4,Network-connected,Integrated,Current,Current,Current,Lower,
HP-0462,Heartland Regional Medical Center,Pediatrics,Heartland Medical Technologies,HI-100,2012,14,Non-connected,Non-integrated,Unsupported,End-of-support,Expired,High,
HP-0471,Heartland Regional Medical Center,Pediatrics,Heartland Medical Technologies,HI-200,2017,9,Network-connected,Integrated,Current,Current,Current,Moderate,
HP-0092,Heartland Rural Hospital North,Emergency,Heartland Medical Technologies,HI-100,2009,17,Non-connected,Non-integrated,Unsupported,End-of-life,Limited,High,
HP-0218,Heartland Rural Hospital North,Emergency,Heartland Medical Technologies,HI-200,2014,12,Network-connected,"Capable, not deployed",Current,Aging,Current,Moderate,
HP-0225,Heartland Rural Hospital North,Emergency,Heartland Medical Technologies,HI-100,2012,14,"Network-capable, not connected","Capable, not deployed",Unsupported,End-of-support,Limited,High,
HP-0238,Heartland Rural Hospital North,Emergency,Heartland Medical Technologies,HI-200,2015,11,"Network-capable, not connected","Connected, not integrated",Current,Aging,Current,Lower,
HP-0300,Heartland Rural Hospital North,Emergency,Apex Clinical Devices,HI-300,2018,8,Network-connected,Integrated,Current,Aging,Current,Moderate,
HP-0008,Heartland Rural Hospital North,ICU,Heartland Medical Technologies,HI-200,2016,10,Network-connected,"Connected, not integrated",Current,Aging,Current,Moderate,
HP-0022,Heartland Rural Hospital North,ICU,Heartland Medical Technologies,HI-200,2016,10,Network-connected,"Capable, not deployed",Current,Aging,Current,Moderate,
HP-0140,Heartland Rural Hospital North,ICU,Apex Clinical Devices,HI-300,2018,8,Network-connected,Integrated,Current,Aging,Current,Moderate,
HP-0180,Heartland Rural Hospital North,ICU,Apex Clinical Devices,HI-400,2023,3,Network-connected,Integrated,Current,Current,Current,Lower,
HP-0258,Heartland Rural Hospital North,ICU,Apex Clinical Devices,HI-400,2022,4,Network-connected,Integrated,Current,Current,Current,Lower,
HP-0377,Heartland Rural Hospital North,ICU,Apex Clinical Devices,HI-300,2022,4,Network-connected,Integrated,Current,Current,Current,Lower,
HP-0444,Heartland Rural Hospital North,ICU,Heartland Medical Technologies,HI-100,2011,15,"Network-capable, not connected","Capable, not deployed",Limited,End-of-life,Current,High,
HP-0047,Heartland Rural Hospital North,Medical/Surgical,Heartland Medical Technologies,HI-200,2015,11,Network-connected,"Connected, not integrated",Limited,Aging,Current,Moderate,
HP-0049,Heartland Rural Hospital North,Medical/Surgical,Apex Clinical Devices,HI-300,2020,6,Network-connected,Integrated,Current,Current,Current,Lower,
HP-0138,Heartland Rural Hospital North,Medical/Surgical,Heartland Medical Technologies,HI-100,2012,14,Non-connected,"Capable, not deployed",Unsupported,End-of-support,Limited,High,
HP-0163,Heartland Rural Hospital North,Medical/Surgical,Heartland Medical Technologies,HI-200,2015,11,"Network-capable, not connected",Integrated,Limited,Aging,Current,Moderate,
HP-0170,Heartland Rural Hospital North,Medical/Surgical,Heartland Medical Technologies,HI-200,2018,8,Network-connected,Integrated,Limited,Current,Limited,Moderate,
HP-0173,Heartland Rural Hospital North,Medical/Surgical,Apex Clinical Devices,HI-400,2022,4,Network-connected,Integrated,Current,Current,Current,Lower,
HP-0206,Heartland Rural Hospital North,Medical/Surgical,Apex Clinical Devices,HI-400,2023,3,Network-connected,Integrated,Current,Current,Current,Lower,
HP-0219,Heartland Rural Hospital North,Medical/Surgical,Apex Clinical Devices,HI-300,2021,5,Network-connected,Integrated,Current,Current,Current,Lower,
HP-0256,Heartland Rural Hospital North,Medical/Surgical,Apex Clinical Devices,HI-400,2024,2,Network-connected,Integrated,Current,Current,Current,Lower,
HP-0282,Heartland Rural Hospital North,Medical/Surgical,Apex Clinical Devices,HI-400,2022,4,Network-connected,Integrated,Current,Current,Current,Lower,
HP-0316,Heartland Rural Hospital North,Medical/Surgical,Heartland Medical Technologies,HI-200,2015,11,Network-connected,Integrated,Current,Aging,Current,Moderate,
HP-0317,Heartland Rural Hospital North,Medical/Surgical,Heartland Medical Technologies,HI-200,2014,12,Network-connected,"Capable, not deployed",Current,Aging,Current,Moderate,
HP-0340,Heartland Rural Hospital North,Medical/Surgical,Heartland Medical Technologies,HI-100,2010,16,Non-connected,"Capable, not deployed",Unsupported,End-of-life,Expired,High,
HP-0357,Heartland Rural Hospital North,Medical/Surgical,Apex Clinical Devices,HI-400,2022,4,Network-connected,Integrated,Current,Current,Current,Lower,
HP-0375,Heartland Rural Hospital North,Medical/Surgical,Heartland Medical Technologies,HI-100,2012,14,Non-connected,Non-integrated,Unsupported,End-of-support,Expired,High,
HP-0382,Heartland Rural Hospital North,Medical/Surgical,Heartland Medical Technologies,HI-100,2009,17,"Network-capable, not connected",Non-integrated,Unsupported,End-of-life,Limited,High,
HP-0401,Heartland Rural Hospital North,Medical/Surgical,Apex Clinical Devices,HI-400,2023,3,Network-connected,Integrated,Current,Current,Current,Lower,
HP-0403,Heartland Rural Hospital North,Medical/Surgical,Heartland Medical Technologies,HI-200,2017,9,Network-connected,"Connected, not integrated",Current,Current,Current,Lower,
HP-0423,Heartland Rural Hospital North,Medical/Surgical,Apex Clinical Devices,HI-300,2019,7,Network-connected,Integrated,Current,Aging,Current,Moderate,
HP-0433,Heartland Rural Hospital North,Medical/Surgical,Heartland Medical Technologies,HI-200,2015,11,Network-connected,Integrated,Current,Aging,Current,Moderate,
HP-0039,Heartland Rural Hospital North,Outpatient Infusion,Apex Clinical Devices,HI-300,2022,4,Network-connected,Integrated,Current,Current,Current,Lower,
HP-0065,Heartland Rural Hospital North,Outpatient Infusion,Heartland Medical Technologies,HI-200,2016,10,Network-connected,Integrated,Current,Aging,Current,Moderate,
HP-0187,Heartland Rural Hospital North,Outpatient Infusion,Apex Clinical Devices,HI-400,2022,4,Network-connected,Integrated,Current,Current,Current,Lower,
HP-0276,Heartland Rural Hospital North,Outpatient Infusion,Apex Clinical Devices,HI-400,2024,2,Network-connected,Integrated,Current,Current,Current,Lower,
HP-0285,Heartland Rural Hospital North,Outpatient Infusion,Heartland Medical Technologies,HI-200,2014,12,Network-connected,Integrated,Limited,Aging,Limited,High,
HP-0310,Heartland Rural Hospital North,Outpatient Infusion,Heartland Medical Technologies,HI-200,2015,11,Network-connected,"Capable, not deployed",Limited,Aging,Current,Moderate,
HP-0441,Heartland Rural Hospital North,Outpatient Infusion,Apex Clinical Devices,HI-300,2019,7,Network-connected,Integrated,Current,Aging,Current,Moderate,
HP-0442,Heartland Rural Hospital North,Outpatient Infusion,Apex Clinical Devices,HI-400,2025,1,Network-connected,Integrated,Current,Current,Current,Lower,
HP-0009,Heartland Rural Hospital South,Emergency,Apex Clinical Devices,HI-300,2019,7,Network-connected,Integrated,Current,Aging,Current,Moderate,
HP-0013,Heartland Rural Hospital South,Emergency,Heartland Medical Technologies,HI-200,2016,10,Network-connected,"Capable, not deployed",Current,Aging,Current,Moderate,
HP-0016,Heartland Rural Hospital South,Emergency,Heartland Medical Technologies,HI-200,2015,11,"Network-capable, not connected","Capable, not deployed",Current,Aging,Current,Lower,
HP-0044,Heartland Rural Hospital South,Emergency,Apex Clinical Devices,HI-300,2020,6,Network-connected,Integrated,Current,Current,Current,Lower,
HP-0257,Heartland Rural Hospital South,Emergency,Apex Clinical Devices,HI-300,2021,5,Network-connected,Integrated,Current,Current,Current,Lower,
HP-0330,Heartland Rural Hospital South,Emergency,Apex Clinical Devices,HI-300,2020,6,Network-connected,Integrated,Current,Current,Current,Lower,
HP-0379,Heartland Rural Hospital South,Emergency,Apex Clinical Devices,HI-400,2025,1,Network-connected,Integrated,Current,Current,Current,Lower,
HP-0313,Heartland Rural Hospital South,ICU,Apex Clinical Devices,HI-400,2023,3,Network-connected,Integrated,Current,Current,Current,Lower,
HP-0331,Heartland Rural Hospital South,ICU,Apex Clinical Devices,HI-300,2021,5,Network-connected,Integrated,Current,Current,Current,Lower,
HP-0102,Heartland Rural Hospital South,Medical/Surgical,Heartland Medical Technologies,HI-200,2016,10,Network-connected,"Connected, not integrated",Limited,Aging,Current,Moderate,
HP-0111,Heartland Rural Hospital South,Medical/Surgical,Apex Clinical Devices,HI-400,2024,2,Network-connected,Integrated,Current,Current,Current,Lower,
HP-0115,Heartland Rural Hospital South,Medical/Surgical,Apex Clinical Devices,HI-300,2021,5,Network-connected,Integrated,Current,Current,Current,Lower,
HP-0121,Heartland Rural Hospital South,Medical/Surgical,Apex Clinical Devices,HI-300,2018,8,Network-connected,Integrated,Current,Aging,Current,Moderate,
HP-0142,Heartland Rural Hospital South,Medical/Surgical,Apex Clinical Devices,HI-300,2019,7,Network-connected,Integrated,Current,Aging,Current,Moderate,
HP-0149,Heartland Rural Hospital South,Medical/Surgical,Heartland Medical Technologies,HI-200,2016,10,Network-connected,"Connected, not integrated",Current,Aging,Current,Moderate,
HP-0205,Heartland Rural Hospital South,Medical/Surgical,Apex Clinical Devices,HI-300,2020,6,Network-connected,Integrated,Current,Current,Current,Lower,
HP-0216,Heartland Rural Hospital South,Medical/Surgical,Heartland Medical Technologies,HI-100,2010,16,Non-connected,"Capable, not deployed",Unsupported,End-of-life,Limited,High,
HP-0254,Heartland Rural Hospital South,Medical/Surgical,Heartland Medical Technologies,HI-200,2018,8,"Network-capable, not connected","Capable, not deployed",Current,Current,Current,Lower,
HP-0329,Heartland Rural Hospital South,Medical/Surgical,Heartland Medical Technologies,HI-200,2016,10,Network-connected,"Capable, not deployed",Current,Aging,Current,Moderate,
HP-0350,Heartland Rural Hospital South,Medical/Surgical,Heartland Medical Technologies,HI-100,2009,17,Non-connected,Non-integrated,Unsupported,End-of-life,Expired,High,
HP-0370,Heartland Rural Hospital South,Medical/Surgical,Heartland Medical Technologies,HI-200,2018,8,Network-connected,"Capable, not deployed",Limited,Current,Limited,Moderate,
HP-0397,Heartland Rural Hospital South,Medical/Surgical,Apex Clinical Devices,HI-400,2022,4,Network-connected,Integrated,Current,Current,Current,Lower,
HP-0398,Heartland Rural Hospital South,Medical/Surgical,Heartland Medical Technologies,HI-200,2016,10,Network-connected,"Capable, not deployed",Current,Aging,Current,Moderate,
HP-0436,Heartland Rural Hospital South,Medical/Surgical,Apex Clinical Devices,HI-300,2022,4,Network-connected,Integrated,Current,Current,Current,Lower,
HP-0051,Heartland Rural Hospital South,Outpatient Infusion,Heartland Medical Technologies,HI-200,2015,11,Network-connected,"Capable, not deployed",Limited,Aging,Current,Moderate,
HP-0136,Heartland Rural Hospital South,Outpatient Infusion,Apex Clinical Devices,HI-300,2019,7,Network-connected,Integrated,Current,Aging,Current,Moderate,
HP-0223,Heartland Rural Hospital South,Outpatient Infusion,Heartland Medical Technologies,HI-100,2011,15,Non-connected,"Capable, not deployed",Unsupported,End-of-life,Limited,High,
HP-0230,Heartland Rural Hospital South,Outpatient Infusion,Heartland Medical Technologies,HI-200,2015,11,Network-connected,Integrated,Current,Aging,Current,Moderate,
HP-0255,Heartland Rural Hospital South,Outpatient Infusion,Apex Clinical Devices,HI-300,2022,4,Network-connected,Integrated,Current,Current,Current,Lower,
HP-0315,Heartland Rural Hospital South,Outpatient Infusion,Heartland Medical Technologies,HI-100,2012,14,Non-connected,Non-integrated,Limited,End-of-support,Current,High,
